epoch,accuracy,loss,val_accuracy,val_loss
0,0.7595353722572327,0.9022431969642639,0.7709465622901917,0.845291793346405
